name,type1,type2
Rattata,Normal,
Raticate,Normal,
Raichu,Electric,
Sandshrew,Ground,
Sandslash,Ground,
Vulpix,Fire,
Ninetales,Fire,
Diglett,Ground,
Dugtrio,Ground,
Meowth,Normal,
Persian,Normal,
Geodude,Rock,Ground
Graveler,Rock,Ground
Golem,Rock,Ground
Grimer,Poison,
Muk,Poison,
Exeggutor,Grass,Psychic
Marowak,Ground,
Growlithe,Fire,
Arcanine,Fire,
Voltorb,Electric,
Electrode,Electric,
Typhlosion,Fire,
Qwilfish,Water,Poison
Sneasel,Dark,Ice
Samurott,Water,
Braviary,Normal,Flying
Avalugg,Ice,
Decidueye,Grass,Ghost
Ponyta,Fire,
Rapidash,Fire,
Slowpoke,Water,Psychic
Slowbro,Water,Psychic
Farfetch'd,Normal,Flying
Weezing,Poison,
Mr. Mime,Psychic,Fairy
Articuno,Ice,Flying
Zapdos,Electric,Flying
Moltres,Fire,Flying
Slowking,Water,Psychic
Zigzagoon,Normal,
Linoone,Normal,
Darumaka,Fire,
Darmanitan,Fire,
Yamask,Ghost,
Stunfisk,Ground,Electric
Bulbasaur,Grass,Poison
Ivysaur,Grass,Poison
Charmander,Fire,
Charmeleon,Fire,
Squirtle,Water,
Wartortle,Water,
Caterpie,Bug,
Metapod,Bug,
Butterfree,Bug,Flying
Weedle,Bug,Poison
Kakuna,Bug,Poison
Pidgey,Normal,Flying
Pidgeotto,Normal,Flying
Spearow,Normal,Flying
Fearow,Normal,Flying
Ekans,Poison,
Arbok,Poison,
Pikachu,Electric,
Nidoran♀,Poison,
Nidorina,Poison,
Nidoqueen,Poison,Ground
Nidoran♂,Poison,
Nidorino,Poison,
Nidoking,Poison,Ground
Clefairy,Fairy,
Clefable,Fairy,
Jigglypuff,Normal,Fairy
Wigglytuff,Normal,Fairy
Zubat,Poison,Flying
Golbat,Poison,Flying
Oddish,Grass,Poison
Gloom,Grass,Poison
Vileplume,Grass,Poison
Paras,Bug,Grass
Parasect,Bug,Grass
Venonat,Bug,Poison
Venomoth,Bug,Poison
Psyduck,Water,
Golduck,Water,
Mankey,Fighting,
Primeape,Fighting,
Poliwag,Water,
Poliwhirl,Water,
Poliwrath,Water,Fighting
Abra,Psychic,
Kadabra,Psychic,
Machop,Fighting,
Machoke,Fighting,
Machamp,Fighting,
Bellsprout,Grass,Poison
Weepinbell,Grass,Poison
Victreebel,Grass,Poison
Tentacool,Water,Poison
Tentacruel,Water,Poison
Magnemite,Electric,Steel
Magneton,Electric,Steel
Doduo,Normal,Flying
Dodrio,Normal,Flying
Seel,Water,
Dewgong,Water,Ice
Shellder,Water,
Cloyster,Water,Ice
Gastly,Ghost,Poison
Haunter,Ghost,Poison
Onix,Rock,Ground
Drowzee,Psychic,
Hypno,Psychic,
Krabby,Water,
Kingler,Water,
Exeggcute,Grass,Psychic
Cubone,Ground,
Hitmonlee,Fighting,
Hitmonchan,Fighting,
Lickitung,Normal,
Koffing,Poison,
Rhyhorn,Ground,Rock
Rhydon,Ground,Rock
Chansey,Normal,
Tangela,Grass,
Horsea,Water,
Seadra,Water,
Goldeen,Water,
Seaking,Water,
Staryu,Water,
Starmie,Water,Psychic
Mr. Mime,Psychic,Fairy
Scyther,Bug,Flying
Jynx,Ice,Psychic
Electabuzz,Electric,
Magmar,Fire,
Tauros,Normal,
Magikarp,Water,
Lapras,Water,Ice
Ditto,Normal,
Eevee,Normal,
Vaporeon,Water,
Jolteon,Electric,
Flareon,Fire,
Porygon,Normal,
Omanyte,Rock,Water
Omastar,Rock,Water
Kabuto,Rock,Water
Kabutops,Rock,Water
Snorlax,Normal,
Dratini,Dragon,
Dragonair,Dragon,
Dragonite,Dragon,Flying
Mewtwo,Psychic,
Mew,Psychic,
Chikorita,Grass,
Bayleef,Grass,
Meganium,Grass,
Cyndaquil,Fire,
Quilava,Fire,
Totodile,Water,
Croconaw,Water,
Feraligatr,Water,
Sentret,Normal,
Furret,Normal,
Hoothoot,Normal,Flying
Noctowl,Normal,Flying
Ledyba,Bug,Flying
Ledian,Bug,Flying
Spinarak,Bug,Poison
Ariados,Bug,Poison
Crobat,Poison,Flying
Chinchou,Water,Electric
Lanturn,Water,Electric
Pichu,Electric,
Cleffa,Fairy,
Igglybuff,Normal,Fairy
Togepi,Fairy,
Togetic,Fairy,Flying
Natu,Psychic,Flying
Xatu,Psychic,Flying
Mareep,Electric,
Flaaffy,Electric,
Bellossom,Grass,
Marill,Water,Fairy
Azumarill,Water,Fairy
Sudowoodo,Rock,
Politoed,Water,
Hoppip,Grass,Flying
Skiploom,Grass,Flying
Jumpluff,Grass,Flying
Aipom,Normal,
Sunkern,Grass,
Sunflora,Grass,
Yanma,Bug,Flying
Wooper,Water,Ground
Quagsire,Water,Ground
Espeon,Psychic,
Umbreon,Dark,
Murkrow,Dark,Flying
Misdreavus,Ghost,
Unown,Psychic,
Wobbuffet,Psychic,
Girafarig,Normal,Psychic
Pineco,Bug,
Forretress,Bug,Steel
Dunsparce,Normal,
Gligar,Ground,Flying
Snubbull,Fairy,
Granbull,Fairy,
Shuckle,Bug,Rock
Teddiursa,Normal,
Ursaring,Normal,
Slugma,Fire,
Magcargo,Fire,Rock
Swinub,Ice,Ground
Piloswine,Ice,Ground
Corsola,Water,Rock
Remoraid,Water,
Octillery,Water,
Delibird,Ice,Flying
Mantine,Water,Flying
Skarmory,Steel,Flying
Houndour,Dark,Fire
Kingdra,Water,Dragon
Phanpy,Ground,
Donphan,Ground,
Porygon2,Normal,
Stantler,Normal,
Smeargle,Normal,
Tyrogue,Fighting,
Hitmontop,Fighting,
Smoochum,Ice,Psychic
Elekid,Electric,
Magby,Fire,
Miltank,Normal,
Blissey,Normal,
Raikou,Electric,
Entei,Fire,
Suicune,Water,
Larvitar,Rock,Ground
Pupitar,Rock,Ground
Lugia,Psychic,Flying
Ho-Oh,Fire,Flying
Celebi,Psychic,Grass
Treecko,Grass,
Grovyle,Grass,
Torchic,Fire,
Combusken,Fire,Fighting
Mudkip,Water,
Marshtomp,Water,Ground
Poochyena,Dark,
Mightyena,Dark,
Wurmple,Bug,
Silcoon,Bug,
Beautifly,Bug,Flying
Cascoon,Bug,
Dustox,Bug,Poison
Lotad,Water,Grass
Lombre,Water,Grass
Ludicolo,Water,Grass
Seedot,Grass,
Nuzleaf,Grass,Dark
Shiftry,Grass,Dark
Taillow,Normal,Flying
Swellow,Normal,Flying
Wingull,Water,Flying
Pelipper,Water,Flying
Ralts,Psychic,Fairy
Kirlia,Psychic,Fairy
Surskit,Bug,Water
Masquerain,Bug,Flying
Shroomish,Grass,
Breloom,Grass,Fighting
Slakoth,Normal,
Vigoroth,Normal,
Slaking,Normal,
Nincada,Bug,Ground
Ninjask,Bug,Flying
Shedinja,Bug,Ghost
Whismur,Normal,
Loudred,Normal,
Exploud,Normal,
Makuhita,Fighting,
Hariyama,Fighting,
Azurill,Normal,Fairy
Nosepass,Rock,
Skitty,Normal,
Delcatty,Normal,
Mawile,Steel,Fairy
Aron,Steel,Rock
Lairon,Steel,Rock
Meditite,Fighting,Psychic
Electrike,Electric,
Plusle,Electric,
Minun,Electric,
Volbeat,Bug,
Illumise,Bug,
Roselia,Grass,Poison
Gulpin,Poison,
Swalot,Poison,
Carvanha,Water,Dark
Sharpedo,Water,Dark
Wailmer,Water,
Wailord,Water,
Numel,Fire,Ground
Camerupt,Fire,Ground
Torkoal,Fire,
Spoink,Psychic,
Grumpig,Psychic,
Spinda,Normal,
Trapinch,Ground,
Vibrava,Ground,Dragon
Flygon,Ground,Dragon
Cacnea,Grass,
Cacturne,Grass,Dark
Swablu,Normal,Flying
Zangoose,Normal,
Seviper,Poison,
Lunatone,Rock,Psychic
Solrock,Rock,Psychic
Barboach,Water,Ground
Whiscash,Water,Ground
Corphish,Water,
Crawdaunt,Water,Dark
Baltoy,Ground,Psychic
Claydol,Ground,Psychic
Lileep,Rock,Grass
Cradily,Rock,Grass
Anorith,Rock,Bug
Armaldo,Rock,Bug
Feebas,Water,
Milotic,Water,
Castform,Normal,
Kecleon,Normal,
Shuppet,Ghost,
Duskull,Ghost,
Dusclops,Ghost,
Tropius,Grass,Flying
Chimecho,Psychic,
Wynaut,Psychic,
Snorunt,Ice,
Spheal,Ice,Water
Sealeo,Ice,Water
Walrein,Ice,Water
Clamperl,Water,
Huntail,Water,
Gorebyss,Water,
Relicanth,Water,Rock
Luvdisc,Water,
Bagon,Dragon,
Shelgon,Dragon,
Beldum,Steel,Psychic
Metang,Steel,Psychic
Metagross,Steel,Psychic
Regirock,Rock,
Regice,Ice,
Registeel,Steel,
Kyogre,Water,
Groudon,Ground,
Jirachi,Steel,Psychic
Turtwig,Grass,
Grotle,Grass,
Torterra,Grass,Ground
Chimchar,Fire,
Monferno,Fire,Fighting
Infernape,Fire,Fighting
Piplup,Water,
Prinplup,Water,
Empoleon,Water,Steel
Starly,Normal,Flying
Staravia,Normal,Flying
Staraptor,Normal,Flying
Bidoof,Normal,
Bibarel,Normal,Water
Kricketot,Bug,
Kricketune,Bug,
Shinx,Electric,
Luxio,Electric,
Luxray,Electric,
Budew,Grass,Poison
Roserade,Grass,Poison
Cranidos,Rock,
Rampardos,Rock,
Shieldon,Rock,Steel
Bastiodon,Rock,Steel
Mothim,Bug,Flying
Combee,Bug,Flying
Vespiquen,Bug,Flying
Pachirisu,Electric,
Buizel,Water,
Floatzel,Water,
Cherubi,Grass,
Ambipom,Normal,
Drifloon,Ghost,Flying
Drifblim,Ghost,Flying
Buneary,Normal,
Mismagius,Ghost,
Honchkrow,Dark,Flying
Glameow,Normal,
Purugly,Normal,
Chingling,Psychic,
Stunky,Poison,Dark
Skuntank,Poison,Dark
Bronzor,Steel,Psychic
Bronzong,Steel,Psychic
Bonsly,Rock,
Mime Jr.,Psychic,Fairy
Happiny,Normal,
Chatot,Normal,Flying
Spiritomb,Ghost,Dark
Gible,Dragon,Ground
Gabite,Dragon,Ground
Munchlax,Normal,
Riolu,Fighting,
Lucario,Fighting,Steel
Hippopotas,Ground,
Hippowdon,Ground,
Skorupi,Poison,Bug
Drapion,Poison,Dark
Croagunk,Poison,Fighting
Toxicroak,Poison,Fighting
Carnivine,Grass,
Finneon,Water,
Lumineon,Water,
Mantyke,Water,Flying
Snover,Grass,Ice
Weavile,Dark,Ice
Magnezone,Electric,Steel
Lickilicky,Normal,
Rhyperior,Ground,Rock
Tangrowth,Grass,
Electivire,Electric,
Magmortar,Fire,
Togekiss,Fairy,Flying
Yanmega,Bug,Flying
Leafeon,Grass,
Glaceon,Ice,
Gliscor,Ground,Flying
Mamoswine,Ice,Ground
Porygon-Z,Normal,
Gallade,Psychic,Fighting
Probopass,Rock,Steel
Dusknoir,Ghost,
Froslass,Ice,Ghost
Rotom,Electric,Ghost
Uxie,Psychic,
Mesprit,Psychic,
Azelf,Psychic,
Dialga,Steel,Dragon
Palkia,Water,Dragon
Heatran,Fire,Steel
Regigigas,Normal,
Cresselia,Psychic,
Phione,Water,
Manaphy,Water,
Darkrai,Dark,
Arceus,Normal,
Victini,Psychic,Fire
Snivy,Grass,
Servine,Grass,
Serperior,Grass,
Tepig,Fire,
Pignite,Fire,Fighting
Emboar,Fire,Fighting
Oshawott,Water,
Dewott,Water,
Patrat,Normal,
Watchog,Normal,
Lillipup,Normal,
Herdier,Normal,
Stoutland,Normal,
Purrloin,Dark,
Liepard,Dark,
Pansage,Grass,
Simisage,Grass,
Pansear,Fire,
Simisear,Fire,
Panpour,Water,
Simipour,Water,
Munna,Psychic,
Musharna,Psychic,
Pidove,Normal,Flying
Tranquill,Normal,Flying
Unfezant,Normal,Flying
Blitzle,Electric,
Zebstrika,Electric,
Roggenrola,Rock,
Boldore,Rock,
Gigalith,Rock,
Woobat,Psychic,Flying
Swoobat,Psychic,Flying
Drilbur,Ground,
Excadrill,Ground,Steel
Audino,Normal,
Timburr,Fighting,
Gurdurr,Fighting,
Conkeldurr,Fighting,
Tympole,Water,
Palpitoad,Water,Ground
Seismitoad,Water,Ground
Throh,Fighting,
Sawk,Fighting,
Sewaddle,Bug,Grass
Swadloon,Bug,Grass
Leavanny,Bug,Grass
Venipede,Bug,Poison
Whirlipede,Bug,Poison
Scolipede,Bug,Poison
Cottonee,Grass,Fairy
Whimsicott,Grass,Fairy
Petilil,Grass,
Lilligant,Grass,
Basculin,Water,
Sandile,Ground,Dark
Krokorok,Ground,Dark
Krookodile,Ground,Dark
Maractus,Grass,
Dwebble,Bug,Rock
Crustle,Bug,Rock
Scraggy,Dark,Fighting
Scrafty,Dark,Fighting
Sigilyph,Psychic,Flying
Cofagrigus,Ghost,
Tirtouga,Water,Rock
Carracosta,Water,Rock
Archen,Rock,Flying
Archeops,Rock,Flying
Trubbish,Poison,
Garbodor,Poison,
Zorua,Dark,
Zoroark,Dark,
Minccino,Normal,
Cinccino,Normal,
Gothita,Psychic,
Gothorita,Psychic,
Gothitelle,Psychic,
Solosis,Psychic,
Duosion,Psychic,
Reuniclus,Psychic,
Ducklett,Water,Flying
Swanna,Water,Flying
Vanillite,Ice,
Vanillish,Ice,
Vanilluxe,Ice,
Deerling,Normal,Grass
Sawsbuck,Normal,Grass
Emolga,Electric,Flying
Karrablast,Bug,
Escavalier,Bug,Steel
Foongus,Grass,Poison
Amoonguss,Grass,Poison
Frillish,Water,Ghost
Jellicent,Water,Ghost
Alomomola,Water,
Joltik,Bug,Electric
Galvantula,Bug,Electric
Ferroseed,Grass,Steel
Ferrothorn,Grass,Steel
Klink,Steel,
Klang,Steel,
Klinklang,Steel,
Tynamo,Electric,
Eelektrik,Electric,
Eelektross,Electric,
Elgyem,Psychic,
Beheeyem,Psychic,
Litwick,Ghost,Fire
Lampent,Ghost,Fire
Chandelure,Ghost,Fire
Axew,Dragon,
Fraxure,Dragon,
Haxorus,Dragon,
Cubchoo,Ice,
Beartic,Ice,
Cryogonal,Ice,
Shelmet,Bug,
Accelgor,Bug,
Mienfoo,Fighting,
Mienshao,Fighting,
Druddigon,Dragon,
Golett,Ground,Ghost
Golurk,Ground,Ghost
Pawniard,Dark,Steel
Bisharp,Dark,Steel
Bouffalant,Normal,
Rufflet,Normal,Flying
Vullaby,Dark,Flying
Mandibuzz,Dark,Flying
Heatmor,Fire,
Durant,Bug,Steel
Deino,Dark,Dragon
Zweilous,Dark,Dragon
Hydreigon,Dark,Dragon
Larvesta,Bug,Fire
Volcarona,Bug,Fire
Cobalion,Steel,Fighting
Terrakion,Rock,Fighting
Virizion,Grass,Fighting
Reshiram,Dragon,Fire
Zekrom,Dragon,Electric
Kyurem,Dragon,Ice
Keldeo,Water,Fighting
Meloetta,Normal,Psychic
Chespin,Grass,
Quilladin,Grass,
Chesnaught,Grass,Fighting
Fennekin,Fire,
Braixen,Fire,
Delphox,Fire,Psychic
Froakie,Water,
Frogadier,Water,
Greninja,Water,Dark
Bunnelby,Normal,
Diggersby,Normal,Ground
Fletchling,Normal,Flying
Fletchinder,Fire,Flying
Talonflame,Fire,Flying
Scatterbug,Bug,
Spewpa,Bug,
Vivillon,Bug,Flying
Litleo,Fire,Normal
Pyroar,Fire,Normal
Flabébé,Fairy,
Floette,Fairy,
Florges,Fairy,
Skiddo,Grass,
Gogoat,Grass,
Pancham,Fighting,
Pangoro,Fighting,Dark
Furfrou,Normal,
Espurr,Psychic,
Meowstic,Psychic,
Honedge,Steel,Ghost
Doublade,Steel,Ghost
Aegislash,Steel,Ghost
Spritzee,Fairy,
Aromatisse,Fairy,
Swirlix,Fairy,
Slurpuff,Fairy,
Inkay,Dark,Psychic
Malamar,Dark,Psychic
Binacle,Rock,Water
Barbaracle,Rock,Water
Skrelp,Poison,Water
Dragalge,Poison,Dragon
Clauncher,Water,
Clawitzer,Water,
Helioptile,Electric,Normal
Heliolisk,Electric,Normal
Tyrunt,Rock,Dragon
Tyrantrum,Rock,Dragon
Amaura,Rock,Ice
Aurorus,Rock,Ice
Sylveon,Fairy,
Hawlucha,Fighting,Flying
Dedenne,Electric,Fairy
Carbink,Rock,Fairy
Goomy,Dragon,
Sliggoo,Dragon,
Goodra,Dragon,
Klefki,Steel,Fairy
Phantump,Ghost,Grass
Trevenant,Ghost,Grass
Pumpkaboo,Ghost,Grass
Gourgeist,Ghost,Grass
Bergmite,Ice,
Noibat,Flying,Dragon
Noivern,Flying,Dragon
Xerneas,Fairy,
Yveltal,Dark,Flying
Volcanion,Fire,Water
Rowlet,Grass,Flying
Dartrix,Grass,Flying
Litten,Fire,
Torracat,Fire,
Incineroar,Fire,Dark
Popplio,Water,
Brionne,Water,
Primarina,Water,Fairy
Pikipek,Normal,Flying
Trumbeak,Normal,Flying
Toucannon,Normal,Flying
Yungoos,Normal,
Gumshoos,Normal,
Grubbin,Bug,
Charjabug,Bug,Electric
Vikavolt,Bug,Electric
Crabrawler,Fighting,
Crabominable,Fighting,Ice
Cutiefly,Bug,Fairy
Ribombee,Bug,Fairy
Rockruff,Rock,
Wishiwashi,Water,
Mareanie,Poison,Water
Toxapex,Poison,Water
Mudbray,Ground,
Mudsdale,Ground,
Dewpider,Water,Bug
Araquanid,Water,Bug
Fomantis,Grass,
Lurantis,Grass,
Morelull,Grass,Fairy
Shiinotic,Grass,Fairy
Salandit,Poison,Fire
Salazzle,Poison,Fire
Stufful,Normal,Fighting
Bewear,Normal,Fighting
Bounsweet,Grass,
Steenee,Grass,
Tsareena,Grass,
Comfey,Fairy,
Oranguru,Normal,Psychic
Passimian,Fighting,
Wimpod,Bug,Water
Golisopod,Bug,Water
Sandygast,Ghost,Ground
Palossand,Ghost,Ground
Pyukumuku,Water,
Type: Null,Normal,
Silvally,Normal,
Minior,Rock,Flying
Komala,Normal,
Turtonator,Fire,Dragon
Togedemaru,Electric,Steel
Mimikyu,Ghost,Fairy
Bruxish,Water,Psychic
Drampa,Normal,Dragon
Dhelmise,Ghost,Grass
Jangmo-o,Dragon,
Hakamo-o,Dragon,Fighting
Kommo-o,Dragon,Fighting
Tapu Koko,Electric,Fairy
Tapu Lele,Psychic,Fairy
Tapu Bulu,Grass,Fairy
Tapu Fini,Water,Fairy
Cosmog,Psychic,
Cosmoem,Psychic,
Solgaleo,Psychic,Steel
Lunala,Psychic,Ghost
Nihilego,Rock,Poison
Buzzwole,Bug,Fighting
Pheromosa,Bug,Fighting
Xurkitree,Electric,
Celesteela,Steel,Flying
Kartana,Grass,Steel
Guzzlord,Dark,Dragon
Necrozma,Psychic,
Magearna,Steel,Fairy
Mega Abomasnow,Grass,Ice
Mega Absol,Dark,
Mega Aerodactyl,Rock,Flying
Mega Aggron,Steel,
Mega Alakazam,Psychic,
Mega Altaria,Dragon,Fairy
Mega Ampharos,Electric,Dragon
Hisuian Arcanine,Fire,Rock
Galarian Articuno,Psychic,Flying
Hisuian Avalugg,Ice,Rock
Mega Banette,Ghost,
Mega Beedrill,Bug,Poison
Mega Blastoise,Water,
Mega Blaziken,Fire,Fighting
Hisuian Braviary,Flying,Psychic
Burmy Plant cloak,Bug,
Burmy Sandy cloak,Bug,
Burmy Trash cloak,Bug,
Castform Rainy,Fire,
Castform Sunny,Water,
Castform Snowy,Ice,
Mega Charizard X,Fire,Dragon
Mega Charizard Y,Fire,Flying
Cherrim Overcast Forme,Grass,
Cherrim Sunshine Forme,Grass,
Galarian Darmanitan,Ice,
Galarian Darumaka,Ice,
Hisuian Decidueye,Grass,Fighting
Deoxys Normal Forme,Psychic,
Deoxys Attack Forme,Psychic,
Deoxys Defense Forme,Psychic,
Deoxys Speed Forme,Psychic,
Dialga Origin Forme,Steel,Dragon
Mega Diancie,Rock,Fairy
Alolan Diglett,Ground,Steel
Alolan Dugtrio,Ground,Steel
Hisuian Electrode,Grass,Electric
Enamorus Incarnate Forme,Fairy,Flying
Alolan Exeggutor,Grass,Dragon
Galarian Farfetch'd,Fighting,
Mega Garchomp,Dragon,Ground
Mega Gardevoir,Psychic,Fairy
Gastrodon East Sea,Water,Ground
Gastrodon West Sea,Water,Ground
Genesect Shock Drive,Steel,Bug
Genesect Chill Drive,Steel,Bug
Genesect Douse Drive,Steel,Bug
Genesect Burn Drive,Steel,Bug
Mega Gengar,Ghost,Poison
Alolan Geodude,Rock,Electric
Giratina Altered Forme,Ghost,Dragon
Giratina Origin Forme,Ghost,Dragon
Mega Glalie,Ice,
Alolan Golem,Rock,Electric
Alolan Graveler,Rock,Electric
Alolan Grimer,Poison,Dark
Hisuian Growlithe,Fire,Rock
Mega Gyarados,Water,Dark
Mega Heracross,Bug,Fighting
Hoopa Confined,Psychic,Ghost
Hoopa Unbound,Psychic,Dark
Mega Houndoom,Dark,Fire
Mega Kangaskhan,Normal,
Kleavor,Bug,Rock
Landorus Incarnate Forme,Ground,Flying
Landorus Therian Forme,Ground,Flying
Mega Latias,Dragon,Psychic
Mega Latios,Dragon,Psychic
Galarian Linoone,Dark,Normal
Mega Lopunny,Normal,Fighting
Lycanroc Midday Form,Rock,
Lycanroc Midnight Form,Rock,
Lycanroc Dusk Form,Rock,
Mega Manectric,Electric,
Alolan Marowak,Fire,Ghost
Mega Medicham,Fighting,Psychic
Alolan Meowth,Dark,
Galarian Meowth,Steel,
Mewtwo Armored,Psychic,
Galarian Moltres,Dark,Flying
Galarian Mr. Mime,Psychic,Ice
Alolan Muk,Poison,Dark
Alolan Ninetales,Ice,
Obstagoon,Dark,Normal
Oricorio Baile Style,Fire,Flying
Oricorio Pom-Pom Style,Electric,Flying
Oricorio Pa'u Style,Psychic,Flying
Oricorio Sensu Style,Ghost,Flying
Overqwil,Dark,Poison
Palkia Origin Forme,Water,Dragon
Perrserker,Steel,
Alolan Persian,Dark,
Mega Pidgeot,Normal,Flying
Mega Pinsir,Bug,Flying
Galarian Ponyta,Psychic,
Hisuian Qwilfish,Dark,Poison
Alolan Raichu,Electric,Psychic
Galarian Rapidash,Psychic,Fairy
Alolan Raticate,Dark,Normal
Alolan Rattata,Dark,Normal
Mega Rayquaza,Dragon,Flying
Mr. Rime,Psychic,Ice
Rotom Wash,Electric,Water
Rotom Mow,Electric,Grass
Runerigus,Ghost,Ground
Mega Sableye,Dark,Ghost
Mega Salamence,Dragon,Flying
Hisuian Samurott,Water,Dark
Alolan Sandshrew,Ice,Steel
Alolan Sandslash,Ice,Steel
Mega Sceptile,Grass,Dragon
Mega Scizor,Bug,Steel
Shaymin Land Forme,Grass,
Shaymin Sky Forme,Grass,Flying
Shellos East Sea,Water,
Shellos West Sea,Water,
Sirfetch'd,Fighting,
Galarian Slowbro,Poison,Psychic
Mega Slowbro,Water,Psychic
Galarian Slowking,Poison,Psychic
Galarian Slowpoke,Psychic,
Hisuian Sneasel,Fighting,Poison
Sneasler,Fighting,Poison
Mega Steelix,Steel,Ground
Galarian Stunfisk,Ground,Steel
Mega Swampert,Water,groud
Thundurus Incarnate Forme,Electric,Flying
Thundurus Therian Forme,Electric,Flying
Tornadus Incarnate Forme,Flying,
Tornadus Therian Forme,Flying,
Hisuian Typhlosion,Fire,Ghost
Mega Tyranitar,Rock,Dark
Ursaluna,Ground,Normal
Mega Venusaur,Grass,Poison
Hisuian Voltorb,Grass,Electric
Alolan Vulpix,Ice,
Galarian Weezing,Poison,Fairy
Wormadam Plant cloak,Bug,Grass
Wormadam Sandy cloak,Bug,Ground
Wormadam Trash cloak,Bug,Steel
Wyrdeer,Normal,Psychic
Galarian Yamask,Ghost,Ground
Galarian Zapdos,Fighting,Flying
Galarian Zigzagoon,Dark,Normal
Zygarde 10% Forme,Dragon,Ground
Zygarde 50% Forme,Dragon,Ground
Zygarde Complete Forme,Dragon,Ground
Venusaur,Grass,Poison
Charizard,Fire,Flying
Blastoise,Water,
Pidgeot,Normal,Flying
Beedrill,Bug,Poison
Houndoom,Dark,Fire
Gengar,Ghost,Poison
Abomasnow,Grass,Ice
Ampharos,Electric,
Gyarados,Water,Flying
Manectric,Electric,
Lopunny,Normal,
Altaria,Dragon,Flying
Slowbro,Water,Psychic
Absol,Dark,
Steelix,Steel,Ground
Aerodactyl,Rock,Flying
Kangaskhan,Normal,
Latias,Dragon,Psychic
Latios,Dragon,Psychic
Scizor,Bug,Steel
Alakazam,Psychic,
Aggron,Steel,Rock
Banette,Ghost,
Sceptile,Grass,
Blaziken,Fire,Fighting
Swampert,Water,Groud
Glalie,Ice,
Salamence,Dragon,Flying
Gardevoir,Psychic,Fairy
Medicham,Fighting,Psychic
Pinsir,Bug,
Sableye,Dark,Ghost
Tyranitar,Rock,Dark
Rayquaza,Dragon,Flying
Diancie,Rock,Fairy
Garchomp,Dragon,Ground
Heracross,Bug,Fighting
Shadow Bulbasaur,Grass,Poison
Shadow Ivysaur,Grass,Poison
Shadow Venusaur,Grass,Poison
Shadow Charmander,Fire,
Shadow Charmeleon,Fire,
Shadow Charizard,Fire,Flying
Shadow Squirtle,Water,
Shadow Wartortle,Water,
Shadow Blastoise,Water,
Shadow Weedle,Bug,Poison
Shadow Kakuna,Bug,Poison
Shadow Beedrill,Bug,Poison
Shadow Pidgey,Normal,Flying
Shadow Pidgeotto,Normal,Flying
Shadow Pidgeot,Normal,Flying
Shadow Rattata,Normal,
Shadow Raticate,Normal,
Shadow Ekans,Poison,
Shadow Arbok,Poison,
Shadow Sandshrew,Ground,
Shadow Sandslash,Ground,
Shadow Nidoran♀,Poison,
Shadow Nidorina,Poison,
Shadow Nidoqueen,Poison,Ground
Shadow Nidoran♂,Poison,
Shadow Nidorino,Poison,
Shadow Nidoking,Poison,Ground
Shadow Vulpix,Fire,
Shadow Ninetales,Fire,
Shadow Zubat,Poison,Flying
Shadow Golbat,Poison,Flying
Shadow Oddish,Grass,Poison
Shadow Gloom,Grass,Poison
Shadow Vileplume,Grass,Poison
Shadow Venonat,Bug,Poison
Shadow Venomoth,Bug,Poison
Shadow Diglett,Ground,
Shadow Dugtrio,Ground,
Shadow Meowth,Normal,
Shadow Persian,Normal,
Shadow Psyduck,Water,
Shadow Golduck,Water,
Shadow Growlithe,Fire,
Shadow Arcanine,Fire,
Shadow Poliwag,Water,
Shadow Poliwhirl,Water,
Shadow Poliwrath,Water,Fighting
Shadow Abra,Psychic,
Shadow Kadabra,Psychic,
Shadow Alakazam,Psychic,
Shadow Machop,Fighting,
Shadow Machoke,Fighting,
Shadow Machamp,Fighting,
Shadow Bellsprout,Grass,Poison
Shadow Weepinbell,Grass,Poison
Shadow Victreebel,Grass,Poison
Shadow Tentacool,Water,Poison
Shadow Tentacruel,Water,Poison
Shadow Geodude,Rock,Ground
Shadow Graveler,Rock,Ground
Shadow Golem,Rock,Ground
Shadow Slowpoke,Water,Psychic
Shadow Slowbro,Water,Psychic
Shadow Magnemite,Water,Psychic
Shadow Magneton,Electric,Steel
Shadow Grimer,Electric,Steel
Shadow Muk,Poison,
Shadow Shellder,Poison,
Shadow Cloyster,Water,
Shadow Gastly,Water,Ice
Shadow Haunter,Ghost,Poison
Shadow Gengar,Ghost,Poison
Shadow Onix,Ghost,Poison
Shadow Drowzee,Rock,Ground
Shadow Hypno,Psychic,
Shadow Voltorb,Psychic,
Shadow Electrode,Electric,
Shadow Exeggcute,Electric,
Shadow Exeggutor,Grass,Psychic
Shadow Cubone,Grass,Psychic
Shadow Marowak,Ground,
Shadow Hitmonlee,Ground,
Shadow Hitmonchan,Fighting,
Shadow Koffing,Fighting,
Shadow Weezing,Poison,
Shadow Rhyhorn,Poison,
Shadow Rhydon,Ground,Rock
Shadow Tangela,Ground,Rock
Shadow Horsea,Grass,
Shadow Seadra,Water,
Shadow Scyther,Water,
Shadow Electabuzz,Bug,Flying
Shadow Magmar,Electric,
Shadow Pinsir,Fire,
Shadow Magikarp,Bug,
Shadow Gyarados,Water,
Shadow Lapras,Water,Flying
Shadow Porygon,Water,Ice
Shadow Omanyte,Normal,
Shadow Omastar,Rock,Water
Shadow Aerodactyl,Rock,Water
Shadow Snorlax,Rock,Flying
Shadow Articuno,Normal,
Shadow Zapdos,Ice,Flying
Shadow Moltres,Electric,Flying
Shadow Dratini,Fire,Flying
Shadow Dragonair,Dragon,
Shadow Dragonite,Dragon,
Shadow Mewtwo,Dragon,Flying
Shadow Chikorita,Psychic,
Shadow Bayleef,Grass,
Shadow Meganium,Grass,
Shadow Cyndaquil,Grass,
Shadow Quilava,Fire,
Shadow Typhlosion,Fire,
Shadow Totodile,Fire,
Shadow Croconaw,Water,
Shadow Feraligatr,Water,
Shadow Ledyba,Water,
Shadow Ledian,Bug,Flying
Shadow Crobat,Bug,Flying
Shadow Natu,Poison,Flying
Shadow Xatu,Psychic,Flying
Shadow Mareep,Psychic,Flying
Shadow Flaaffy,Electric,
Shadow Ampharos,Electric,
Shadow Bellossom,Electric,
Shadow Sudowoodo,Grass,
Shadow Politoed,Rock,
Shadow Hoppip,Water,
Shadow Skiploom,Grass,Flying
Shadow Jumpluff,Grass,Flying
Shadow Aipom,Grass,Flying
Shadow Wooper,Normal,
Shadow Quagsire,Water,Ground
Shadow Murkrow,Water,Ground
Shadow Slowking,Dark,Flying
Shadow Misdreavus,Water,Psychic
Shadow Wobbuffet,Ghost,
Shadow Girafarig,Psychic,
Shadow Pineco,Normal,Psychic
Shadow Forretress,Bug,
Shadow Gligar,Bug,Steel
Shadow Steelix,Ground,Flying
Shadow Snubbull,Steel,Ground
Shadow Granbull,Fairy,
Shadow Scizor,Fairy,
Shadow Shuckle,Bug,Steel
Shadow Sneasel,Bug,Rock
Shadow Teddiursa,Dark,Ice
Shadow Ursaring,Normal,
Shadow Swinub,Normal,
Shadow Piloswine,Ice,Ground
Shadow Delibird,Ice,Ground
Shadow Skarmory,Ice,Flying
Shadow Houndour,Steel,Flying
Shadow Houndoom,Dark,Fire
Shadow Kingdra,Dark,Fire
Shadow Phanpy,Water,Dragon
Shadow Donphan,Ground,
Shadow Porygon2,Ground,
Shadow Stantler,Normal,
Shadow Hitmontop,Normal,
Shadow Raikou,Fighting,
Shadow Entei,Electric,
Shadow Suicune,Fire,
Shadow Larvitar,Water,
Shadow Pupitar,Rock,Ground
Shadow Tyranitar,Rock,Ground
Shadow Lugia,Rock,Dark
Shadow Ho-Oh,Psychic,Flying
Shadow Treecko,Fire,Flying
Shadow Grovyle,Grass,
Shadow Sceptile,Grass,
Shadow Torchic,Grass,
Shadow Combusken,Fire,
Shadow Blaziken,Fire,Fighting
Shadow Mudkip,Fire,Fighting
Shadow Marshtomp,Water,
Shadow Swampert,Water,Ground
Shadow Poochyena,Water,Groud
Shadow Mightyena,Dark,
Shadow Seedot,Dark,
Shadow Nuzleaf,Grass,
Shadow Shiftry,Grass,Dark
Shadow Ralts,Grass,Dark
Shadow Kirlia,Psychic,Fairy
Shadow Gardevoir,Psychic,Fairy
Shadow Whismur,Psychic,Fairy
Shadow Loudred,Normal,
Shadow Exploud,Normal,
Shadow Makuhita,Normal,
Shadow Hariyama,Fighting,
Shadow Nosepass,Fighting,
Shadow Sableye,Rock,
Shadow Mawile,Dark,Ghost
Shadow Aron,Steel,Fairy
Shadow Lairon,Steel,Rock
Shadow Aggron,Steel,Rock
Shadow Electrike,Steel,Rock
Shadow Manectric,Electric,
Shadow Carvanha,Electric,
Shadow Sharpedo,Water,Dark
Shadow Wailmer,Water,Dark
Shadow Wailord,Water,
Shadow Numel,Water,
Shadow Camerupt,Fire,Ground
Shadow Spoink,Fire,Ground
Shadow Grumpig,Psychic,
Shadow Trapinch,Psychic,
Shadow Vibrava,Ground,
Shadow Flygon,Ground,Dragon
Shadow Cacnea,Ground,Dragon
Shadow Cacturne,Grass,
Shadow Barboach,Grass,Dark
Shadow Whiscash,Water,Ground
Shadow Corphish,Water,Ground
Shadow Crawdaunt,Water,
Shadow Lileep,Water,Dark
Shadow Cradily,Rock,Grass
Shadow Anorith,Rock,Grass
Shadow Armaldo,Rock,Bug
Shadow Shuppet,Rock,Bug
Shadow Banette,Ghost,
Shadow Duskull,Ghost,
Shadow Dusclops,Ghost,
Shadow Absol,Ghost,
Shadow Snorunt,Dark,
Shadow Glalie,Ice,
Shadow Spheal,Ice,
Shadow Sealeo,Ice,Water
Shadow Walrein,Ice,Water
Shadow Bagon,Ice,Water
Shadow Shelgon,Dragon,
Shadow Salamence,Dragon,
Shadow Beldum,Dragon,Flying
Shadow Metang,Steel,Psychic
Shadow Metagross,Steel,Psychic
Shadow Regirock,Steel,Psychic
Shadow Regice,Rock,
Shadow Registeel,Ice,
Shadow Latias,Steel,
Shadow Latios,Dragon,Psychic
Shadow Kyogre,Dragon,Psychic
Shadow Groudon,Water,
Shadow Turtwig,Ground,
Shadow Grotle,Grass,
Shadow Torterra,Grass,
Shadow Chimchar,Grass,Ground
Shadow Monferno,Fire,
Shadow Infernape,Fire,Fighting
Shadow Piplup,Fire,Fighting
Shadow Prinplup,Water,
Shadow Empoleon,Water,
Shadow Starly,Water,Steel
Shadow Staravia,Normal,Flying
Shadow Staraptor,Normal,Flying
Shadow Bidoof,Normal,Flying
Shadow Bibarel,Normal,
Shadow Shinx,Normal,Water
Shadow Luxio,Electric,
Shadow Luxray,Electric,
Shadow Cranidos,Electric,
Shadow Rampardos,Rock,
Shadow Shieldon,Rock,
Shadow Bastiodon,Rock,Steel
Shadow Ambipom,Rock,Steel
Shadow Drifloon,Normal,
Shadow Drifblim,Ghost,Flying
Shadow Mismagius,Ghost,Flying
Shadow Honchkrow,Ghost,
Shadow Glameow,Dark,Flying
Shadow Purugly,Normal,
Shadow Stunky,Normal,
Shadow Skuntank,Poison,Dark
Shadow Gible,Poison,Dark
Shadow Gabite,Dragon,Ground
Shadow Garchomp,Dragon,Ground
Shadow Hippopotas,Dragon,Ground
Shadow Hippowdon,Ground,
Shadow Skorupi,Ground,
Shadow Drapion,Poison,Bug
Shadow Croagunk,Poison,Dark
Shadow Toxicroak,Poison,Fighting
Shadow Snover,Poison,Fighting
Shadow Abomasnow,Grass,Ice
Shadow Weavile,Grass,Ice
Shadow Magnezone,Dark,Ice
Shadow Rhyperior,Electric,Steel
Shadow Tangrowth,Ground,Rock
Shadow Electivire,Grass,
Shadow Magmortar,Electric,
Shadow Gliscor,Fire,
Shadow Mamoswine,Ground,Flying
Shadow Porygon-Z,Ice,Ground
Shadow Gallade,Normal,
Shadow Probopass,Psychic,Fighting
Shadow Dusknoir,Rock,Steel
Shadow Froslass,Ghost,
Shadow Regigigas,Ice,Ghost
Shadow Patrat,Normal,
Shadow Watchog,Normal,
Shadow Purrloin,Normal,
Shadow Liepard,Dark,
Shadow Pidove,Dark,
Shadow Tranquill,Normal,Flying
Shadow Unfezant,Normal,Flying
Shadow Blitzle,Normal,Flying
Shadow Zebstrika,Electric,
Shadow Drilbur,Electric,
Shadow Excadrill,Ground,
Shadow Throh,Ground,Steel
Shadow Sawk,Fighting,
Shadow Darumaka,Fighting,
Shadow Darmanitan,Fire,
Shadow Dwebble,Fire,
Shadow Crustle,Bug,Rock
Shadow Gothita,Bug,Rock
Shadow Gothorita,Psychic,
Shadow Gothitelle,Psychic,
Shadow Solosis,Psychic,
Shadow Duosion,Psychic,
Shadow Reuniclus,Psychic,
Shadow Ducklett,Psychic,
Shadow Swanna,Water,Flying
Shadow Foongus,Water,Flying
Shadow Amoonguss,Grass,Poison
Shadow Joltik,Grass,Poison
Shadow Galvantula,Bug,Electric
Shadow Ferroseed,Bug,Electric
Shadow Ferrothorn,Grass,Steel
Shadow Litwick,Grass,Steel
Shadow Lampent,Ghost,Fire
Shadow Chandelure,Ghost,Fire
Shadow Golett,Ghost,Fire
Shadow Golurk,Ground,Ghost
Shadow Ursaluna,Ground,Ghost
Shadow Sneasler,Ground,Normal
